유유제약, 정신건강센터에 ‘코로나 블루’ 극복 물품 기부
골든블루 임직원, 혈액 수급난 극복 릴레이 헌혈
청도군 "테라리움 만들기로 코로나 블루 이겨내요"
코로나 일상의 시대, 마음 공부·치유 어떻게 할 것인가
‘36년 노하우’ 학생상담봉사자 심리방역으로 코로나 블루 극복
폐기물 줄이는 블루하우진 단열재 정밀맞춤 인기
롯데백화점, 올 여름 '문센' 강좌로 코로나 블루 극복하세요!
[창녕소식]"코로나블루 정신건강 자가진단으로 마음건강 챙겨요" 등
넥슨, 코로나 속 지속 성장…비결은 최상의 '언택트 워크'
[광화문에서/김상운]사람과 문화재의 공존이 코로나시대 힐링 선사한다
[성미경의 원형교차로] 도시와 나와 코로나블루
유유제약, 코로나發 우울감 극복 '해피박스' 정신건강복지센터 기부
인터넷가입 '블루통신' SK,KT,LG 설치 당일 현금사은품 지급
인터넷가입 블루통신 "설치시 사은품 당일제공"
롯데백화점, 올 여름 '문센' 강좌로 코로나 블루 극복하세요!
애경그룹 "RED 경영으로 포스트 코로나 주도"
'다크홀' 이준혁 "'박쥐' 블루레이 소장, 김옥빈 사인 받아야"
코로나 블루, 코믹연극으로 날려요
코로나 블루 싸악 씻어내는 삼색 '힐링샤워'캠핑
대구 영진전문대 사회복지과 `코로나 OUT!` 자원봉사 나서
코로나 블루 깨끗이 씻어주는 진안군 봄꽃 여행
"코로나블루 저리 가" 충주 주덕읍 사계절 꽃길 조성
[작은 학교 큰 꿈] 성주 대가초등…전교생 우쿨렐레·탁구 배워 코로나 블루 ...
코로나19 장기화에 집콕 필수템 '고급화'된다..."위스키·한정판 게임 등 인기...
[청년발언대] 코로나 블루 예방 및 극복법
코로나 19에 맞서는 나만의 여가 생활 즐기기
코로나 시대에도 안전한 승마, 같이 할까요?
"반려식물 키우며 코로나 블루 치유"
동네에서 즐기는 인문학...코로나19 시대 속 힐링 프로그램
직장인 '코로나 블루'도 중소기업이 대기업보다 심해
LG생건 1분기 실적 ‘사상 최대’… 코로나 블루 벗어났다
"코로나블루 치유" 충북교육청 응급심리지원팀 운영
11번가, 코로나19 장기화로 지친 소비자·판매자 응원... '전국민 쇼핑 페스티...
코로나 시대, 소통과 치유 인문 프로그램 740개 진행
[공군17전비] “숨겨진 보물 찾으며 코로나 블루 날려요”
코로나 블루? '기업 스트레스 관리' 받아 보세요
강변따라 뛰고, 공원서 걷고…1만여명이 쓴 ‘코로나 힐링 드라마’
코로나19 시대, 소통과 치유 인문 프로그램 총 740개 진행
코로나 위기 극복 溫택트로 넘는다…나라사랑 e대한경제 마라톤 성료
5060, 2030보다 ‘코로나 블루’ 잘 견뎠다
[유통오늘] 롯데제과, '월드콘' 광고모델로 김연경 발탁…골든블루, 2021 헌혈...
“명상으로 ‘코로나 블루’ 극복”…23일부터 국제명상페스티벌 개최
근로복지공단, 코로나19 우울증 근로자지원프로그램으로 해결
국민 절반 '코로나 블루' 시달려
동국대 제2회 서울 국제명상페스티벌 폐막..."명상으로 코로나 블루 극복"
'코로나 블루' 극복…승마 체험 어때요
육군11사단 사자여단, 특별한 점심…코로나블루 극복·지역경제 활성화
[초점]공연계, 코로나 '4차 유행' 우려 비상…"방역 고삐 더 죈다"
포스트코로나 시대 비대면 간편산행 '단양 옥순봉·구담봉' 인기
가정종합사회복지관, 코로나블루 달래기 오디오북 유럽여행
